<?xml version="1.0" encoding="UTF-8"?>
<root type="READ">
    <bob x="11" y="11" />
    <text>You will not get that one,
I am sure that it is too complicated!
    </text>
    <hints>
        <hint>Is there a pattern?</hint>
        <hint>Do you apply the same rule twice?</hint>
    </hints>

    {Block.RED, Block.AND, Block.WHITE_PREV, null, Block.IMPLY, Block.LEFT},
    <rules>
        <rule>
            <block name="white" />
            <block name="and" />
	    <block name="prev_tile" />
            <block name="white" />
            <block name="imply" />
            <block name="moveEast" />
        </rule>
        <rule>
            <block name="white" />
            <block name="and" />
	    <block name="prev_tile" />
            <block name="red" />
            <block name="imply" />
            <block name="moveWest" />
        </rule>
        <rule>
            <block name="white" />
            <block name="and" />
	    <block name="prev_tile" />
            <block name="green" />
            <block name="imply" />
            <block name="moveNorth" />
        </rule>
        <rule>
            <block name="green" />
            <block name="and" />
            <block name="not" />
	    <block name="prev_tile" />
            <block name="white" />
            <block name="imply" />
            <block name="moveSouth" />
        </rule>
        <rule>
            <block name="green" />
            <block name="and" />
	    <block name="prev_tile" />
            <block name="white" />
            <block name="imply" />
            <block name="moveEast" />
        </rule>
        <rule>
            <block name="red" />
            <block name="and" />
            <block name="not" />
            <block name="prev_tile" />
            <block name="white" />
            <block name="imply" />
            <block name="moveNorth" />
        </rule>
        <rule>
            <block name="red" />
            <block name="and" />
            <block name="prev_tile" />
            <block name="white" />
            <block name="imply" />
            <block name="moveWest" />
        </rule>
    </rules>
    <floor>
9,9,9,9,9,9,9,9,9,9,9,9,9,9,9,9,9,9,9,9,9,9,9,
9,9,9,9,9,9,9,9,9,9,9,9,9,9,9,9,9,9,9,9,9,9,9,
9,9,9,9,9,9,9,9,9,9,9,9,9,9,9,9,9,9,9,9,9,9,9,
9,9,9,9,9,9,9,9,9,9,9,9,9,9,9,9,9,9,9,9,9,9,9,
9,9,9,9,9,9,9,9,9,9,9,9,9,9,9,9,9,9,9,9,9,9,9,
9,9,9,9,9,9,9,9,9,9,8,8,8,9,9,9,9,9,9,9,9,9,9,
9,9,9,9,9,9,9,9,9,9,4,1,2,9,9,9,9,9,9,9,9,9,9,
9,9,9,9,9,9,9,9,9,9,4,1,2,9,9,9,9,9,9,9,9,9,9,
9,9,9,9,9,9,9,9,9,9,4,1,2,9,9,9,9,9,9,9,9,9,9,
9,9,9,9,9,9,9,9,9,9,4,1,2,9,9,9,9,9,9,9,9,9,9,
9,9,9,9,9,9,9,9,9,9,4,1,2,9,9,9,9,9,9,9,9,9,9,
9,9,9,9,9,9,9,9,9,9,4,1,2,9,9,9,9,9,9,9,9,9,9,
9,9,9,9,9,9,9,9,9,9,4,1,2,9,9,9,9,9,9,9,9,9,9,
9,9,9,9,9,9,9,9,9,9,4,1,2,9,9,9,9,9,9,9,9,9,9,
9,9,9,9,9,9,9,9,9,9,4,1,2,9,9,9,9,9,9,9,9,9,9,
9,9,9,9,9,9,9,9,9,9,4,1,2,9,9,9,9,9,9,9,9,9,9,
9,9,9,9,9,9,9,9,9,9,4,1,2,9,9,9,9,9,9,9,9,9,9,
9,9,9,9,9,9,9,9,9,9,8,8,8,9,9,9,9,9,9,9,9,9,9,
9,9,9,9,9,9,9,9,9,9,9,9,9,9,9,9,9,9,9,9,9,9,9,
9,9,9,9,9,9,9,9,9,9,9,9,9,9,9,9,9,9,9,9,9,9,9,
9,9,9,9,9,9,9,9,9,9,9,9,9,9,9,9,9,9,9,9,9,9,9,
9,9,9,9,9,9,9,9,9,9,9,9,9,9,9,9,9,9,9,9,9,9,9,
9,9,9,9,9,9,9,9,9,9,9,9,9,9,9,9,9,9,9,9,9,9,9
    </floor>
    <object>
0,0,0,0,0,0,0,0,0,0,0,0,0,0,0,0,0,0,0,0,0,0,0,
0,0,0,0,0,0,0,0,0,0,0,0,0,0,0,0,0,0,0,0,0,0,0,
0,0,0,0,0,0,0,0,0,0,0,0,0,0,0,0,0,0,0,0,0,0,0,
0,0,0,0,0,0,0,0,0,0,0,0,0,0,0,0,0,0,0,0,0,0,0,
0,0,0,0,0,0,0,0,0,0,0,0,0,0,0,0,0,0,0,0,0,0,0,
0,0,0,0,0,0,0,0,0,0,0,0,0,0,0,0,0,0,0,0,0,0,0,
0,0,0,0,0,0,0,0,0,0,0,0,0,0,0,0,0,0,0,0,0,0,0,
0,0,0,0,0,0,0,0,0,0,0,0,0,0,0,0,0,0,0,0,0,0,0,
0,0,0,0,0,0,0,0,0,0,0,0,0,0,0,0,0,0,0,0,0,0,0,
0,0,0,0,0,0,0,0,0,0,0,0,0,0,0,0,0,0,0,0,0,0,0,
0,0,0,0,0,0,0,0,0,0,0,0,0,0,0,0,0,0,0,0,0,0,0,
0,0,0,0,0,0,0,0,0,0,0,0,0,0,0,0,0,0,0,0,0,0,0,
0,0,0,0,0,0,0,0,0,0,0,0,0,0,0,0,0,0,0,0,0,0,0,
0,0,0,0,0,0,0,0,0,0,0,0,0,0,0,0,0,0,0,0,0,0,0,
0,0,0,0,0,0,0,0,0,0,0,0,0,0,0,0,0,0,0,0,0,0,0,
0,0,0,0,0,0,0,0,0,0,0,0,0,0,0,0,0,0,0,0,0,0,0,
0,0,0,0,0,0,0,0,0,0,0,0,0,0,0,0,0,0,0,0,0,0,0,
0,0,0,0,0,0,0,0,0,0,0,0,0,0,0,0,0,0,0,0,0,0,0,
0,0,0,0,0,0,0,0,0,0,0,0,0,0,0,0,0,0,0,0,0,0,0,
0,0,0,0,0,0,0,0,0,0,0,0,0,0,0,0,0,0,0,0,0,0,0,
0,0,0,0,0,0,0,0,0,0,0,0,0,0,0,0,0,0,0,0,0,0,0,
0,0,0,0,0,0,0,0,0,0,0,0,0,0,0,0,0,0,0,0,0,0,0,
0,0,0,0,0,0,0,0,0,0,0,0,0,0,0,0,0,0,0,0,0,0,0
    </object>
</root>
