<root type="READ">
	<bob x="6" y="9"/>
	<text> Program shutting down!!! x[</text>
	<hints>
		<hint>Combine what you have learnt in previous maps</hint>
		<hint>Try to find the right order of the rule sequence</hint>
	</hints>
	<rules>
		<rule>
			<block name="white"/>
			<block name="and"/>
			<block name="not"/>
			<block name="right_tile"/>
			<block name="purple"/>
			<block name="imply"/>
			<block name="moveNorth"/>
		</rule>
		<rule>
			<block name="white"/>
			<block name="and"/>
			<block name="right_tile"/>
			<block name="purple"/>
			<block name="imply"/>
			<block name="moveEast"/>
		</rule>
		<rule>
			<block name="orange"/>
			<block name="and"/>
			<block name="prev_tile"/>
			<block name="green"/>
			<block name="imply"/>
			<block name="moveNorth"/>
		</rule>
		<rule>
			<block name="orange"/>
			<block name="and"/>
			<block name="not"/>
			<block name="prev_tile"/>
			<block name="green"/>
			<block name="imply"/>
			<block name="moveSouth"/>
		</rule>
		<rule>
			<block name="purple"/>
			<block name="and"/>
			<block name="right_tile"/>
			<block name="green"/>
			<block name="imply"/>
			<block name="moveSouth"/>
		</rule>
		<rule>
			<block name="green"/>
			<block name="and"/>
			<block name="not"/>
			<block name="next_tile"/>
			<block name="yellow"/>
			<block name="imply"/>
			<block name="moveEast"/>
		</rule>
		<rule>
			<block name="red"/>
			<block name="and"/>
			<block name="next_tile"/>
			<block name="ocean"/>
			<block name="imply"/>
			<block name="moveEast"/>
		</rule>
		<rule>
			<block name="yellow"/>
			<block name="imply"/>
			<block name="moveEast"/>
		</rule>
	</rules>
	<floor>
		9,9,9,9,9,9,9,9,9,9,9,9,9,9,9,9,9,9,9,9,9,9,9,
9,9,9,9,9,9,9,9,9,9,9,9,9,9,9,9,9,9,9,9,9,9,9,
9,9,9,9,9,9,9,9,9,9,9,9,9,9,9,9,9,9,9,9,9,9,9,
9,9,9,9,9,9,9,9,9,9,9,9,9,9,9,9,9,9,9,9,9,9,9,
9,9,9,9,9,9,9,9,9,9,9,9,9,9,9,9,9,9,9,9,9,9,9,
9,9,9,9,9,9,9,9,9,9,9,9,9,9,9,9,9,9,9,9,9,9,9,
9,9,9,9,9,9,9,9,9,9,9,9,9,9,9,9,9,9,9,9,9,9,9,
9,9,9,9,9,9,1,2,2,2,2,2,2,8,9,9,9,9,9,9,9,9,9,
9,9,9,9,9,9,1,5,3,3,3,3,6,8,9,9,9,9,9,9,9,9,9,
9,9,9,9,9,9,1,5,9,9,9,9,6,9,9,9,9,9,9,9,9,9,9,
9,9,9,9,9,9,1,5,9,9,9,9,6,9,9,9,9,9,9,9,9,9,9,
9,9,9,9,9,9,1,5,9,9,9,9,6,9,9,9,9,9,9,9,9,9,9,
9,9,9,9,9,9,1,5,9,9,9,9,6,9,9,9,9,9,9,9,9,9,9,
9,9,9,9,9,9,1,4,4,4,4,4,6,8,9,9,9,9,9,9,9,9,9,
9,9,9,9,9,9,9,9,9,9,9,9,8,9,9,9,9,9,9,9,9,9,9,
9,9,9,9,9,9,9,9,9,9,9,9,9,9,9,9,9,9,9,9,9,9,9,
9,9,9,9,9,9,9,9,9,9,9,9,9,9,9,9,9,9,9,9,9,9,9,
9,9,9,9,9,9,9,9,9,9,9,9,9,9,9,9,9,9,9,9,9,9,9,
9,9,9,9,9,9,9,9,9,9,9,9,9,9,9,9,9,9,9,9,9,9,9,
9,9,9,9,9,9,9,9,9,9,9,9,9,9,9,9,9,9,9,9,9,9,9,
9,9,9,9,9,9,9,9,9,9,9,9,9,9,9,9,9,9,9,9,9,9,9,
9,9,9,9,9,9,9,9,9,9,9,9,9,9,9,9,9,9,9,9,9,9,9,
9,9,9,9,9,9,9,9,9,9,9,9,9,9,9,9,9,9,9,9,9,9,9,

	</floor>
	<object>
		0,0,0,0,0,0,0,0,0,0,0,0,0,0,0,0,0,0,0,0,0,0,0,
0,0,0,0,0,0,0,0,0,0,0,0,0,0,0,0,0,0,0,0,0,0,0,
0,0,0,0,0,0,0,0,0,0,0,0,0,0,0,0,0,0,0,0,0,0,0,
0,0,0,0,0,0,0,0,0,0,0,0,0,0,0,0,0,0,0,0,0,0,0,
0,0,0,0,0,0,0,0,0,0,0,0,0,0,0,0,0,0,0,0,0,0,0,
0,0,0,0,0,0,0,0,0,0,0,0,0,0,0,0,0,0,0,0,0,0,0,
0,0,0,0,0,0,0,0,0,0,0,0,0,0,0,0,0,0,0,0,0,0,0,
0,0,0,0,0,0,0,0,0,0,0,0,0,0,0,0,0,0,0,0,0,0,0,
0,0,0,0,0,0,0,0,0,0,0,0,0,0,0,0,0,0,0,0,0,0,0,
0,0,0,0,0,0,0,0,0,0,0,0,0,0,0,0,0,0,0,0,0,0,0,
0,0,0,0,0,0,0,0,0,0,0,0,0,0,0,0,0,0,0,0,0,0,0,
0,0,0,0,0,0,0,0,0,0,0,0,0,0,0,0,0,0,0,0,0,0,0,
0,0,0,0,0,0,0,0,0,0,0,0,0,0,0,0,0,0,0,0,0,0,0,
0,0,0,0,0,0,0,0,0,0,0,0,0,0,0,0,0,0,0,0,0,0,0,
0,0,0,0,0,0,0,0,0,0,0,0,0,0,0,0,0,0,0,0,0,0,0,
0,0,0,0,0,0,0,0,0,0,0,0,0,0,0,0,0,0,0,0,0,0,0,
0,0,0,0,0,0,0,0,0,0,0,0,0,0,0,0,0,0,0,0,0,0,0,
0,0,0,0,0,0,0,0,0,0,0,0,0,0,0,0,0,0,0,0,0,0,0,
0,0,0,0,0,0,0,0,0,0,0,0,0,0,0,0,0,0,0,0,0,0,0,
0,0,0,0,0,0,0,0,0,0,0,0,0,0,0,0,0,0,0,0,0,0,0,
0,0,0,0,0,0,0,0,0,0,0,0,0,0,0,0,0,0,0,0,0,0,0,
0,0,0,0,0,0,0,0,0,0,0,0,0,0,0,0,0,0,0,0,0,0,0,
0,0,0,0,0,0,0,0,0,0,0,0,0,0,0,0,0,0,0,0,0,0,0,

	</object>
</root>
