<root type="READ">
	<bob x="7" y="13"/>
	<text>This is a custom map</text>
	<hints>
		<hint>Testing</hint>
	</hints>
	<rules>
		<rule>
			<block name="white"/>
			<block name="imply"/>
			<block name="moveEast"/>
		</rule>
		<rule>
			<block name="red"/>
			<block name="imply"/>
			<block name="moveSouth"/>
		</rule>
		<rule>
			<block name="yellow"/>
			<block name="and"/>
			<block name="not"/>
			<block name="left_tile"/>
			<block name="purple"/>
			<block name="imply"/>
			<block name="moveEast"/>
		</rule>
		<rule>
			<block name="yellow"/>
			<block name="and"/>
			<block name="left_tile"/>
			<block name="purple"/>
			<block name="imply"/>
			<block name="moveNorth"/>
		</rule>
		<rule>
			<block name="orange"/>
			<block name="imply"/>
			<block name="moveEast"/>
		</rule>
		<rule>
			<block name="purple"/>
			<block name="and"/>
			<block name="not"/>
			<block name="right_tile"/>
			<block name="orange"/>
			<block name="imply"/>
			<block name="moveNorth"/>
		</rule>
		<rule>
			<block name="purple"/>
			<block name="and"/>
			<block name="right_tile"/>
			<block name="orange"/>
			<block name="imply"/>
			<block name="moveEast"/>
		</rule>
		<rule/>
	</rules>
	<floor>
		9,9,9,9,9,9,9,9,9,9,9,9,9,9,9,9,9,9,9,9,9,9,9,
9,9,9,9,9,9,9,9,9,9,9,9,9,9,9,9,9,9,9,9,9,9,9,
9,9,9,9,9,9,9,9,9,9,9,9,9,9,9,9,9,9,9,9,9,9,9,
9,9,9,9,9,9,9,9,9,9,9,9,9,9,9,9,9,9,9,9,9,9,9,
9,9,9,9,9,9,9,9,9,9,9,9,9,9,9,9,9,9,9,9,9,9,9,
9,9,9,9,9,9,9,9,9,9,9,9,9,9,9,9,9,9,9,9,9,9,9,
9,9,9,9,9,9,9,9,9,9,9,9,9,9,9,9,9,9,9,9,9,9,9,
9,9,9,9,9,9,9,9,9,9,9,9,9,9,9,9,9,9,9,9,9,9,9,
9,9,9,9,9,9,9,9,9,9,9,9,9,9,9,9,9,9,9,9,9,9,9,
9,9,9,9,9,9,9,1,2,9,9,5,6,6,6,6,6,7,9,9,9,9,9,
9,9,9,9,9,9,9,1,2,9,9,5,9,9,9,9,9,9,9,9,9,9,9,
9,9,9,9,9,9,9,1,2,9,9,5,9,9,9,9,9,9,9,9,9,9,9,
9,9,9,9,9,9,9,1,2,9,9,5,9,9,9,9,9,9,9,9,9,9,9,
9,9,9,9,9,9,9,1,2,9,9,5,9,9,9,9,9,9,9,9,9,9,9,
9,9,9,9,9,9,9,1,3,3,3,3,9,9,9,9,9,9,9,9,9,9,9,
9,9,9,9,9,9,9,9,9,9,9,9,9,9,9,9,9,9,9,9,9,9,9,
9,9,9,9,9,9,9,9,9,9,9,9,9,9,9,9,9,9,9,9,9,9,9,
9,9,9,9,9,9,9,9,9,9,9,9,9,9,9,9,9,9,9,9,9,9,9,
9,9,9,9,9,9,9,9,9,9,9,9,9,9,9,9,9,9,9,9,9,9,9,
9,9,9,9,9,9,9,9,9,9,9,9,9,9,9,9,9,9,9,9,9,9,9,
9,9,9,9,9,9,9,9,9,9,9,9,9,9,9,9,9,9,9,9,9,9,9,
9,9,9,9,9,9,9,9,9,9,9,9,9,9,9,9,9,9,9,9,9,9,9,
9,9,9,9,9,9,9,9,9,9,9,9,9,9,9,9,9,9,9,9,9,9,9,

	</floor>
	<object>
		0,0,0,0,0,0,0,0,0,0,0,0,0,0,0,0,0,0,0,0,0,0,0,
0,0,0,0,0,0,0,0,0,0,0,0,0,0,0,0,0,0,0,0,0,0,0,
0,0,0,0,0,0,0,0,0,0,0,0,0,0,0,0,0,0,0,0,0,0,0,
0,0,0,0,0,0,0,0,0,0,0,0,0,0,0,0,0,0,0,0,0,0,0,
0,0,0,0,0,0,0,0,0,0,0,0,0,0,0,0,0,0,0,0,0,0,0,
0,0,0,0,0,0,0,0,0,0,0,0,0,0,0,0,0,0,0,0,0,0,0,
0,0,0,0,0,0,0,0,0,0,0,0,0,0,0,0,0,0,0,0,0,0,0,
0,0,0,0,0,0,0,0,0,0,0,0,0,0,0,0,0,0,0,0,0,0,0,
0,0,0,0,0,0,0,0,0,0,0,0,0,0,0,0,0,0,0,0,0,0,0,
0,0,0,0,0,0,0,0,0,0,0,0,0,0,0,0,0,0,0,0,0,0,0,
0,0,0,0,0,0,0,0,0,0,0,0,0,0,0,0,0,0,0,0,0,0,0,
0,0,0,0,0,0,0,0,0,0,0,0,0,0,0,0,0,0,0,0,0,0,0,
0,0,0,0,0,0,0,0,0,0,0,0,0,0,0,0,0,0,0,0,0,0,0,
0,0,0,0,0,0,0,0,0,0,0,0,0,0,0,0,0,0,0,0,0,0,0,
0,0,0,0,0,0,0,0,0,0,0,0,0,0,0,0,0,0,0,0,0,0,0,
0,0,0,0,0,0,0,0,0,0,0,0,0,0,0,0,0,0,0,0,0,0,0,
0,0,0,0,0,0,0,0,0,0,0,0,0,0,0,0,0,0,0,0,0,0,0,
0,0,0,0,0,0,0,0,0,0,0,0,0,0,0,0,0,0,0,0,0,0,0,
0,0,0,0,0,0,0,0,0,0,0,0,0,0,0,0,0,0,0,0,0,0,0,
0,0,0,0,0,0,0,0,0,0,0,0,0,0,0,0,0,0,0,0,0,0,0,
0,0,0,0,0,0,0,0,0,0,0,0,0,0,0,0,0,0,0,0,0,0,0,
0,0,0,0,0,0,0,0,0,0,0,0,0,0,0,0,0,0,0,0,0,0,0,
0,0,0,0,0,0,0,0,0,0,0,0,0,0,0,0,0,0,0,0,0,0,0,

	</object>
</root>
